Workbook

Sheet How to use
B2: Preckon — test plan
B3: Prepared 28 August 2026. Fill in as you test; the dashboard updates itself.
B6: What this covers
B7: Functional tests | C7: Does each feature do what it says, across all eight modules and the platform.
B8: Document performance | C8: How long a document takes to process, by file size — and what it costs in tokens.
B9: Drawing performance | C9: The same for drawings, split by how complex the drawing is rather than its size.
B10: Token usage | C10: Average tokens consumed per step of the bid chain, against an agreed target.
B11: Extraction accuracy | C11: How much of what the AI pulled out was right, wrong, or missed entirely.
B13: How to fill it in
B14: • Cream cells are yours to fill in. Grey cells calculate themselves — do not type over them.
B15: • The Result column is a dropdown: Not started, Pass, Fail, Blocked, N/A. It colours itself.
B16: • Every test needs a tester name and a date, so a result can be traced back to a run.
B17: • Where a test fails, put the ticket number in Notes. A fail with no ticket is a result nobody will act on.
B18: • The Targets sheet holds the pass/fail thresholds. Agree those with engineering before testing starts — they are proposals, not decisions.
B20: Before you start
B21: Two things in the current build will affect results, and both are known. First, roughly half of all AI requests are refused by the data-privacy rule before they reach the model — so an accuracy test may return nothing at all until the data-classification policy is settled. Second, token usage is currently recorded as a fixed placeholder, so the token sheets will show identical numbers for every test until that counter is fixed. Test around both; do not treat either as a test failure.

Sheet Dashboard
B2: Where testing has got to
B3: Counts itself from the test sheets. Nothing here is typed in.
B6: Area | C6: Tests | D6: Pass | E6: Fail | F6: Blocked | G6: Not started | H6: % complete | I6: Note
B7: Functional tests | C7: =COUNTIF('Functional tests'!$G$5:$G$200,"Pass")+COUNTIF('Functional tests'!$G$5:$G$200,"Fail")+COUNTIF('Functional tests'!$G$5:$G$200,"Blocked")+COUNTIF('Functional tests'!$G$5:$G$200,"Not started")+COUNTIF('Functional tests'!$G$5:$G$200,"N/A") | D7: =COUNTIF('Functional tests'!$G$5:$G$200,"Pass") | E7: =COUNTIF('Functional tests'!$G$5:$G$200,"Fail") | F7: =COUNTIF('Functional tests'!$G$5:$G$200,"Blocked") | G7: =COUNTIF('Functional tests'!$G$5:$G$200,"Not started") | H7: =IF(C7=0,0,(D7+E7)/C7)
B8: Document performance | C8: =COUNTIF('Document performance'!$L$5:$L$200,"Pass")+COUNTIF('Document performance'!$L$5:$L$200,"Fail")+COUNTIF('Document performance'!$L$5:$L$200,"Blocked")+COUNTIF('Document performance'!$L$5:$L$200,"Not started")+COUNTIF('Document performance'!$L$5:$L$200,"N/A") | D8: =COUNTIF('Document performance'!$L$5:$L$200,"Pass") | E8: =COUNTIF('Document performance'!$L$5:$L$200,"Fail") | F8: =COUNTIF('Document performance'!$L$5:$L$200,"Blocked") | G8: =COUNTIF('Document performance'!$L$5:$L$200,"Not started") | H8: =IF(C8=0,0,(D8+E8)/C8)
B9: Drawing performance | C9: =COUNTIF('Drawing performance'!$M$5:$M$200,"Pass")+COUNTIF('Drawing performance'!$M$5:$M$200,"Fail")+COUNTIF('Drawing performance'!$M$5:$M$200,"Blocked")+COUNTIF('Drawing performance'!$M$5:$M$200,"Not started")+COUNTIF('Drawing performance'!$M$5:$M$200,"N/A") | D9: =COUNTIF('Drawing performance'!$M$5:$M$200,"Pass") | E9: =COUNTIF('Drawing performance'!$M$5:$M$200,"Fail") | F9: =COUNTIF('Drawing performance'!$M$5:$M$200,"Blocked") | G9: =COUNTIF('Drawing performance'!$M$5:$M$200,"Not started") | H9: =IF(C9=0,0,(D9+E9)/C9)
B10: Token usage | C10: =COUNTIF('Token usage'!$I$5:$I$200,"Pass")+COUNTIF('Token usage'!$I$5:$I$200,"Fail")+COUNTIF('Token usage'!$I$5:$I$200,"Blocked")+COUNTIF('Token usage'!$I$5:$I$200,"Not started")+COUNTIF('Token usage'!$I$5:$I$200,"N/A") | D10: =COUNTIF('Token usage'!$I$5:$I$200,"Pass") | E10: =COUNTIF('Token usage'!$I$5:$I$200,"Fail") | F10: =COUNTIF('Token usage'!$I$5:$I$200,"Blocked") | G10: =COUNTIF('Token usage'!$I$5:$I$200,"Not started") | H10: =IF(C10=0,0,(D10+E10)/C10)
B11: Extraction accuracy | C11: =COUNTIF('Extraction accuracy'!$M$5:$M$200,"Pass")+COUNTIF('Extraction accuracy'!$M$5:$M$200,"Fail")+COUNTIF('Extraction accuracy'!$M$5:$M$200,"Blocked")+COUNTIF('Extraction accuracy'!$M$5:$M$200,"Not started")+COUNTIF('Extraction accuracy'!$M$5:$M$200,"N/A") | D11: =COUNTIF('Extraction accuracy'!$M$5:$M$200,"Pass") | E11: =COUNTIF('Extraction accuracy'!$M$5:$M$200,"Fail") | F11: =COUNTIF('Extraction accuracy'!$M$5:$M$200,"Blocked") | G11: =COUNTIF('Extraction accuracy'!$M$5:$M$200,"Not started") | H11: =IF(C11=0,0,(D11+E11)/C11)
B12: TOTAL | C12: =SUM(C7:C11) | D12: =SUM(D7:D11) | E12: =SUM(E7:E11) | F12: =SUM(F7:F11) | G12: =SUM(G7:G11) | H12: =IF(C12=0,0,(D12+E12)/C12)
B14: Sign-off
B15: Role | C15: Name | D15: Date | E15: Decision
B16: Test lead
B17: Engineering lead
B18: Product / manager

Sheet Functional tests
A1: Functional tests
A2: Does each feature do what it claims. One row per test.
A4: ID | B4: Module | C4: Feature | D4: What to do | E4: What should happen | F4: Priority | G4: Result | H4: What actually happened | I4: Tester | J4: Date | K4: Notes / ticket
A5: TEN-01 | B5: TenderLogix | C5: Tender upload | D5: Upload a multi-file tender pack (PDF + XLSX) | E5: All files accepted, listed, and queued for reading | F5: High | G5: Not started
A6: TEN-02 | B6: TenderLogix | C6: Summary extraction | D6: Open the tender stage after processing | E6: Client, reference, submission format and deadline all populated from the documents | F6: High | G6: Not started
A7: TEN-03 | B7: TenderLogix | C7: Requirement extraction | D7: Check the requirement register | E7: Each requirement is listed with the clause it came from | F7: High | G7: Not started
A8: TEN-04 | B8: TenderLogix | C8: Deadline override | D8: Change the submission deadline by hand | E8: New date saved, and the change appears on the audit trail | F8: Medium | G8: Not started
A9: TEN-05 | B9: TenderLogix | C9: Bid / no-bid | D9: Run the bid qualification step | E9: A recommendation with reasons, awaiting a human decision | F9: Medium | G9: Not started
A10: DOC-01 | B10: DocLogix | C10: Document register | D10: Upload 10 documents of mixed type | E10: All appear in the register with type, revision and date | F10: High | G10: Not started
A11: DOC-02 | B11: DocLogix | C11: Revision handling | D11: Upload a second revision of the same document | E11: Superseded revision retained, latest marked current | F11: High | G11: Not started
A12: DOC-03 | B12: DocLogix | C12: Transmittal | D12: Issue a transmittal to two recipients | E12: Transmittal recorded with contents and recipients | F12: Medium | G12: Not started
A13: DOC-04 | B13: DocLogix | C13: Revision compare | D13: Compare two revisions of one document | E13: Differences listed clearly | F13: Medium | G13: Not started
A14: DOC-05 | B14: DocLogix | C14: Search / retrieval | D14: Search for a phrase inside a document | E14: The document is returned with the matching passage | F14: Medium | G14: Not started
A15: DRW-01 | B15: DrawLogix | C15: Drawing upload — PDF | D15: Upload a multi-sheet drawing PDF | E15: Each sheet listed separately with its sheet number | F15: High | G15: Not started
A16: DRW-02 | B16: DrawLogix | C16: Drawing upload — DWG/DXF | D16: Upload a CAD file | E16: Layers and entities read; drawing opens in the viewer | F16: High | G16: Not started
... A44: PLT-08 | B44: Platform | C44: Blocked request | D44: Process an unclassified document | E44: Refused with a clear message, not a silent failure | F44: High | G44: Not started

Sheet Document performance
A1: Document processing — time and tokens by size
A2: Three documents per size band, so one slow outlier does not set the result. Run each one twice: first time cold, second time to see whether reuse helps.
A4: ID | B4: Size band | C4: File used | D4: Size MB | E4: Pages | F4: Target sec | G4: Run 1 sec | H4: Run 2 sec | I4: Avg sec | J4: Tokens in | K4: Tokens out | L4: Result | M4: Tokens/page | N4: Tester | O4: Notes
A5: DOC-A1 | B5: < 0.5 MB | F5: 10 | I5: =IF(COUNT(G5:H5)=0,"",AVERAGE(G5:H5)) | L5: =IF(I5="","Not started",IF(I5<=F5,"Pass","Fail")) | M5: =IF(OR(E5="",J5=""),"",(J5+K5)/E5)
A6: DOC-A2 | B6: < 0.5 MB | F6: 10 | I6: =IF(COUNT(G6:H6)=0,"",AVERAGE(G6:H6)) | L6: =IF(I6="","Not started",IF(I6<=F6,"Pass","Fail")) | M6: =IF(OR(E6="",J6=""),"",(J6+K6)/E6)
A7: DOC-A3 | B7: < 0.5 MB | F7: 10 | I7: =IF(COUNT(G7:H7)=0,"",AVERAGE(G7:H7)) | L7: =IF(I7="","Not started",IF(I7<=F7,"Pass","Fail")) | M7: =IF(OR(E7="",J7=""),"",(J7+K7)/E7)
A8: DOC-B1 | B8: 0.5 – 2 MB | F8: 30 | I8: =IF(COUNT(G8:H8)=0,"",AVERAGE(G8:H8)) | L8: =IF(I8="","Not started",IF(I8<=F8,"Pass","Fail")) | M8: =IF(OR(E8="",J8=""),"",(J8+K8)/E8)
A9: DOC-B2 | B9: 0.5 – 2 MB | F9: 30 | I9: =IF(COUNT(G9:H9)=0,"",AVERAGE(G9:H9)) | L9: =IF(I9="","Not started",IF(I9<=F9,"Pass","Fail")) | M9: =IF(OR(E9="",J9=""),"",(J9+K9)/E9)
A10: DOC-B3 | B10: 0.5 – 2 MB | F10: 30 | I10: =IF(COUNT(G10:H10)=0,"",AVERAGE(G10:H10)) | L10: =IF(I10="","Not started",IF(I10<=F10,"Pass","Fail")) | M10: =IF(OR(E10="",J10=""),"",(J10+K10)/E10)
A11: DOC-C1 | B11: 2 – 8 MB | F11: 90 | I11: =IF(COUNT(G11:H11)=0,"",AVERAGE(G11:H11)) | L11: =IF(I11="","Not started",IF(I11<=F11,"Pass","Fail")) | M11: =IF(OR(E11="",J11=""),"",(J11+K11)/E11)
A12: DOC-C2 | B12: 2 – 8 MB | F12: 90 | I12: =IF(COUNT(G12:H12)=0,"",AVERAGE(G12:H12)) | L12: =IF(I12="","Not started",IF(I12<=F12,"Pass","Fail")) | M12: =IF(OR(E12="",J12=""),"",(J12+K12)/E12)
A13: DOC-C3 | B13: 2 – 8 MB | F13: 90 | I13: =IF(COUNT(G13:H13)=0,"",AVERAGE(G13:H13)) | L13: =IF(I13="","Not started",IF(I13<=F13,"Pass","Fail")) | M13: =IF(OR(E13="",J13=""),"",(J13+K13)/E13)
A14: DOC-D1 | B14: 8 – 32 MB | F14: 300 | I14: =IF(COUNT(G14:H14)=0,"",AVERAGE(G14:H14)) | L14: =IF(I14="","Not started",IF(I14<=F14,"Pass","Fail")) | M14: =IF(OR(E14="",J14=""),"",(J14+K14)/E14)
A15: DOC-D2 | B15: 8 – 32 MB | F15: 300 | I15: =IF(COUNT(G15:H15)=0,"",AVERAGE(G15:H15)) | L15: =IF(I15="","Not started",IF(I15<=F15,"Pass","Fail")) | M15: =IF(OR(E15="",J15=""),"",(J15+K15)/E15)
A16: DOC-D3 | B16: 8 – 32 MB | F16: 300 | I16: =IF(COUNT(G16:H16)=0,"",AVERAGE(G16:H16)) | L16: =IF(I16="","Not started",IF(I16<=F16,"Pass","Fail")) | M16: =IF(OR(E16="",J16=""),"",(J16+K16)/E16)
... A19: DOC-E3 | B19: 32 MB + | F19: 600 | I19: =IF(COUNT(G19:H19)=0,"",AVERAGE(G19:H19)) | L19: =IF(I19="","Not started",IF(I19<=F19,"Pass","Fail")) | M19: =IF(OR(E19="",J19=""),"",(J19+K19)/E19)
A21: Targets are proposals — agree them before testing
A22: Today's live figures are 3.9 s under 0.5 MB, 10.5 s for 0.5–2 MB, 9.4 s for 2–8 MB, 5.4 s for 8–32 MB and 2.4 s above 32 MB. Note those get FASTER as files get bigger, which is not credible — it is worth understanding why before treating any of them as a baseline.
A23: Tokens per page is the number to watch. If it is flat across every band, the token counter is still recording a placeholder rather than measuring.

Sheet Drawing performance
A1: Drawing processing — simple versus complex
A2: Complexity is not file size. A 2 MB drawing with 40,000 entities across nine layers is harder than a 30 MB scan of a single plan.
A4: ID | B4: Complexity | C4: Drawing used | D4: Format | E4: Sheets | F4: Layers | G4: Entities | H4: Size MB | I4: Target sec | J4: Run 1 sec | K4: Run 2 sec | L4: Avg sec | M4: Result | N4: Tokens total | O4: Tester | P4: Notes
A5: DRW-SIM1 | B5: Simple | I5: 30 | L5: =IF(COUNT(J5:K5)=0,"",AVERAGE(J5:K5)) | M5: =IF(L5="","Not started",IF(L5<=I5,"Pass","Fail")) | P5: Single sheet, one discipline, under 500 entities
A6: DRW-SIM2 | B6: Simple | I6: 30 | L6: =IF(COUNT(J6:K6)=0,"",AVERAGE(J6:K6)) | M6: =IF(L6="","Not started",IF(L6<=I6,"Pass","Fail"))
A7: DRW-SIM3 | B7: Simple | I7: 30 | L7: =IF(COUNT(J7:K7)=0,"",AVERAGE(J7:K7)) | M7: =IF(L7="","Not started",IF(L7<=I7,"Pass","Fail"))
A8: DRW-MED1 | B8: Medium | I8: 120 | L8: =IF(COUNT(J8:K8)=0,"",AVERAGE(J8:K8)) | M8: =IF(L8="","Not started",IF(L8<=I8,"Pass","Fail")) | P8: 2–5 sheets, 2–3 disciplines, 500–5,000 entities
A9: DRW-MED2 | B9: Medium | I9: 120 | L9: =IF(COUNT(J9:K9)=0,"",AVERAGE(J9:K9)) | M9: =IF(L9="","Not started",IF(L9<=I9,"Pass","Fail"))
A10: DRW-MED3 | B10: Medium | I10: 120 | L10: =IF(COUNT(J10:K10)=0,"",AVERAGE(J10:K10)) | M10: =IF(L10="","Not started",IF(L10<=I10,"Pass","Fail"))
A11: DRW-CPX1 | B11: Complex | I11: 600 | L11: =IF(COUNT(J11:K11)=0,"",AVERAGE(J11:K11)) | M11: =IF(L11="","Not started",IF(L11<=I11,"Pass","Fail")) | P11: 6+ sheets, multi-discipline, over 5,000 entities
A12: DRW-CPX2 | B12: Complex | I12: 600 | L12: =IF(COUNT(J12:K12)=0,"",AVERAGE(J12:K12)) | M12: =IF(L12="","Not started",IF(L12<=I12,"Pass","Fail"))
A13: DRW-CPX3 | B13: Complex | I13: 600 | L13: =IF(COUNT(J13:K13)=0,"",AVERAGE(J13:K13)) | M13: =IF(L13="","Not started",IF(L13<=I13,"Pass","Fail"))
A14: DRW-SCN1 | B14: Scanned | I14: 300 | L14: =IF(COUNT(J14:K14)=0,"",AVERAGE(J14:K14)) | M14: =IF(L14="","Not started",IF(L14<=I14,"Pass","Fail")) | P14: Raster PDF with no vector data at all
A15: DRW-SCN2 | B15: Scanned | I15: 300 | L15: =IF(COUNT(J15:K15)=0,"",AVERAGE(J15:K15)) | M15: =IF(L15="","Not started",IF(L15<=I15,"Pass","Fail"))
A16: DRW-SCN3 | B16: Scanned | I16: 300 | L16: =IF(COUNT(J16:K16)=0,"",AVERAGE(J16:K16)) | M16: =IF(L16="","Not started",IF(L16<=I16,"Pass","Fail"))
A18: Record entities and layers for every drawing
A19: Those two columns are what makes this sheet meaningful — they turn "it was slow" into "it was slow at 40,000 entities". Note that the live system currently returns no entity or layer count at all, so recording them by hand from the CAD file may be the only way until that is fixed.

Sheet Token usage
A1: Token usage per step
A2: Run each step five times on the same project, then record the average.
A4: ID | B4: Step | C4: What it does | D4: Runs | E4: Avg tokens in | F4: Avg tokens out | G4: Avg total | H4: Target | I4: Result | J4: Cost / run | K4: Worst run | L4: Tester | M4: Notes
A5: TOK-01 | B5: Reading documents | C5: Sorts and splits the uploaded tender pack | G5: =IF(COUNT(E5:F5)=0,"",E5+F5) | H5: 4000 | I5: =IF(G5="","Not started",IF(G5<=H5,"Pass","Fail")) | J5: =IF(G5="","",G5/1000*0.129)
A6: TOK-02 | B6: Tender reading | C6: Pulls summary, dates and requirements | G6: =IF(COUNT(E6:F6)=0,"",E6+F6) | H6: 8000 | I6: =IF(G6="","Not started",IF(G6<=H6,"Pass","Fail")) | J6: =IF(G6="","",G6/1000*0.129)
A7: TOK-03 | B7: Bid / no-bid decision | C7: Recommends whether to pursue | G7: =IF(COUNT(E7:F7)=0,"",E7+F7) | H7: 3000 | I7: =IF(G7="","Not started",IF(G7<=H7,"Pass","Fail")) | J7: =IF(G7="","",G7/1000*0.129)
A8: TOK-04 | B8: Specification reading | C8: Extracts clauses from the specification | G8: =IF(COUNT(E8:F8)=0,"",E8+F8) | H8: 8000 | I8: =IF(G8="","Not started",IF(G8<=H8,"Pass","Fail")) | J8: =IF(G8="","",G8/1000*0.129)
A9: TOK-05 | B9: Drawing indexing | C9: Catalogues each drawing sheet | G9: =IF(COUNT(E9:F9)=0,"",E9+F9) | H9: 3000 | I9: =IF(G9="","Not started",IF(G9<=H9,"Pass","Fail")) | J9: =IF(G9="","",G9/1000*0.129)
A10: TOK-06 | B10: Drawing take-off | C10: Measures quantities off the drawings | G10: =IF(COUNT(E10:F10)=0,"",E10+F10) | H10: 12000 | I10: =IF(G10="","Not started",IF(G10<=H10,"Pass","Fail")) | J10: =IF(G10="","",G10/1000*0.129)
A11: TOK-07 | B11: Bill of quantities | C11: Turns measurements into bill lines | G11: =IF(COUNT(E11:F11)=0,"",E11+F11) | H11: 6000 | I11: =IF(G11="","Not started",IF(G11<=H11,"Pass","Fail")) | J11: =IF(G11="","",G11/1000*0.129)
A12: TOK-08 | B12: Pricing | C12: Applies rates to the bill lines | G12: =IF(COUNT(E12:F12)=0,"",E12+F12) | H12: 4000 | I12: =IF(G12="","Not started",IF(G12<=H12,"Pass","Fail")) | J12: =IF(G12="","",G12/1000*0.129)
A13: TOK-09 | B13: Compliance checks | C13: Checks the bid against requirements | G13: =IF(COUNT(E13:F13)=0,"",E13+F13) | H13: 6000 | I13: =IF(G13="","Not started",IF(G13<=H13,"Pass","Fail")) | J13: =IF(G13="","",G13/1000*0.129)
A14: TOK-10 | B14: Risk assessment | C14: Flags risks on the bid | G14: =IF(COUNT(E14:F14)=0,"",E14+F14) | H14: 4000 | I14: =IF(G14="","Not started",IF(G14<=H14,"Pass","Fail")) | J14: =IF(G14="","",G14/1000*0.129)
A15: TOK-11 | B15: Programme / schedule | C15: Builds the works programme | G15: =IF(COUNT(E15:F15)=0,"",E15+F15) | H15: 6000 | I15: =IF(G15="","Not started",IF(G15<=H15,"Pass","Fail")) | J15: =IF(G15="","",G15/1000*0.129)
A16: TOK-12 | B16: Procurement packages | C16: Groups bill lines into packages | G16: =IF(COUNT(E16:F16)=0,"",E16+F16) | H16: 4000 | I16: =IF(G16="","Not started",IF(G16<=H16,"Pass","Fail")) | J16: =IF(G16="","",G16/1000*0.129)
... A21: TOK-17 | B21: Copilot answers | C21: Answers questions people ask | G21: =IF(COUNT(E21:F21)=0,"",E21+F21) | H21: 3000 | I21: =IF(G21="","Not started",IF(G21<=H21,"Pass","Fail")) | J21: =IF(G21="","",G21/1000*0.129)
B22: TOTAL per bid | G22: =SUM(G5:G21) | J22: =SUM(J5:J21)
A24: This total is the number the manager actually wants
A25: Add up the step totals and you have the token cost of running one complete bid — which is the figure to multiply by bids per year. Targets in column H are first guesses; replace them with what engineering expects once one real bid has been measured. Cost uses the blended rate of $0.129 per 1,000 tokens.

Sheet Extraction accuracy
A1: Extraction accuracy
A2: Take a sample, mark it by hand, and count. Correct / wrong / missed are typed in; the percentages calculate themselves.
A4: ID | B4: What is extracted | C4: Test set used | D4: In truth | E4: Found | F4: Correct | G4: Wrong | H4: Missed | I4: Precision | J4: Recall | K4: F1 | L4: Target recall | M4: Result | N4: Notes
A5: ACC-01 | B5: Tender requirements | C5: One real tender, requirements marked by an estimator | I5: =IF(E5=0,"",F5/E5) | J5: =IF(D5=0,"",F5/D5) | K5: =IF(OR(I5="",J5="",I5+J5=0),"",2*I5*J5/(I5+J5)) | L5: 0.9 | M5: =IF(J5="","Not started",IF(J5>=L5,"Pass","Fail"))
A6: ACC-02 | B6: Submission dates and format | C6: Same tender | I6: =IF(E6=0,"",F6/E6) | J6: =IF(D6=0,"",F6/D6) | K6: =IF(OR(I6="",J6="",I6+J6=0),"",2*I6*J6/(I6+J6)) | L6: 0.95 | M6: =IF(J6="","Not started",IF(J6>=L6,"Pass","Fail"))
A7: ACC-03 | B7: Specification clauses | C7: One specification, clauses marked by hand | I7: =IF(E7=0,"",F7/E7) | J7: =IF(D7=0,"",F7/D7) | K7: =IF(OR(I7="",J7="",I7+J7=0),"",2*I7*J7/(I7+J7)) | L7: 0.9 | M7: =IF(J7="","Not started",IF(J7>=L7,"Pass","Fail"))
A8: ACC-04 | B8: Document classification | C8: 50 mixed documents, type labelled by hand | I8: =IF(E8=0,"",F8/E8) | J8: =IF(D8=0,"",F8/D8) | K8: =IF(OR(I8="",J8="",I8+J8=0),"",2*I8*J8/(I8+J8)) | L8: 0.95 | M8: =IF(J8="","Not started",IF(J8>=L8,"Pass","Fail"))
A9: ACC-05 | B9: Drawing sheet index | C9: One drawing set, sheets listed by hand | I9: =IF(E9=0,"",F9/E9) | J9: =IF(D9=0,"",F9/D9) | K9: =IF(OR(I9="",J9="",I9+J9=0),"",2*I9*J9/(I9+J9)) | L9: 0.95 | M9: =IF(J9="","Not started",IF(J9>=L9,"Pass","Fail"))
A10: ACC-06 | B10: Drawing measurements | C10: One drawing with quantities measured by a QS | I10: =IF(E10=0,"",F10/E10) | J10: =IF(D10=0,"",F10/D10) | K10: =IF(OR(I10="",J10="",I10+J10=0),"",2*I10*J10/(I10+J10)) | L10: 0.9 | M10: =IF(J10="","Not started",IF(J10>=L10,"Pass","Fail"))
A11: ACC-07 | B11: BOQ line generation | C11: Bill produced by hand from the same drawings | I11: =IF(E11=0,"",F11/E11) | J11: =IF(D11=0,"",F11/D11) | K11: =IF(OR(I11="",J11="",I11+J11=0),"",2*I11*J11/(I11+J11)) | L11: 0.85 | M11: =IF(J11="","Not started",IF(J11>=L11,"Pass","Fail"))
A12: ACC-08 | B12: Rate matching | C12: Bill priced by hand from the same rate library | I12: =IF(E12=0,"",F12/E12) | J12: =IF(D12=0,"",F12/D12) | K12: =IF(OR(I12="",J12="",I12+J12=0),"",2*I12*J12/(I12+J12)) | L12: 0.9 | M12: =IF(J12="","Not started",IF(J12>=L12,"Pass","Fail"))
A13: ACC-09 | B13: Programme activities | C13: Programme built by hand from the same bill | I13: =IF(E13=0,"",F13/E13) | J13: =IF(D13=0,"",F13/D13) | K13: =IF(OR(I13="",J13="",I13+J13=0),"",2*I13*J13/(I13+J13)) | L13: 0.8 | M13: =IF(J13="","Not started",IF(J13>=L13,"Pass","Fail"))
A14: ACC-10 | B14: Risk identification | C14: Risks listed by a bid manager | I14: =IF(E14=0,"",F14/E14) | J14: =IF(D14=0,"",F14/D14) | K14: =IF(OR(I14="",J14="",I14+J14=0),"",2*I14*J14/(I14+J14)) | L14: 0.75 | M14: =IF(J14="","Not started",IF(J14>=L14,"Pass","Fail"))
A16: What the columns mean
B17: In truth | C17: How many there actually are, counted by a person.
B18: Found | C18: How many the system returned.
B19: Correct | C19: How many of those found were right.
B20: Wrong | C20: Found, but not actually there or not correct.
B21: Missed | C21: Really there, but the system did not find them.
B22: Precision | C22: Of what it found, how much was right. Correct / Found.
B23: Recall | C23: Of what was there, how much it found. Correct / In truth.
B24: F1 | C24: The two combined into one number.
B26: Recall matters more than precision here. A requirement the system invents will be spotted in review; a requirement it misses ends up in a contract nobody priced.

Sheet Test data needed
A1: Test data to prepare
A2: Nothing on the other sheets can start until these exist. Owner and date are yours to fill in.
A4: ID | B4: What is needed | C4: Why | D4: Priority | E4: Owner | F4: Ready by | G4: Notes
A5: TD-01 | B5: One complete real tender pack | C5: Drives almost every functional and accuracy test | D5: High
A6: TD-02 | B6: The priced bill that tender produced | C6: The answer key for BOQ and rate accuracy | D6: High
A7: TD-03 | B7: Documents at each of the five size bands, 3 each | C7: 15 files for the document performance sheet | D7: High
A8: TD-04 | B8: Drawings: 3 simple, 3 medium, 3 complex, 3 scanned | C8: 12 files for the drawing performance sheet | D8: High
A9: TD-05 | B9: A drawing measured by a QS | C9: The answer key for measurement accuracy | D9: High
A10: TD-06 | B10: A specification with clauses marked up | C10: The answer key for clause extraction | D10: Medium
A11: TD-07 | B11: 50 mixed documents, each labelled by type | C11: The answer key for classification | D11: Medium
A12: TD-08 | B12: A programme built by hand from the same bill | C12: The answer key for scheduling | D12: Medium
A13: TD-09 | B13: A second revision of one drawing | C13: Revision compare and the stale cascade | D13: Medium
A14: TD-10 | B14: Test accounts for each role | C14: Permission and review-queue tests | D14: High

Sheet Targets
A1: Targets and thresholds
A2: Every one of these is a proposal. Agree them with engineering before testing starts, then change them here — the test sheets read their own targets, so update both.
A4: Measure | B4: Proposed target | C4: Today | D4: Basis
A5: Document < 0.5 MB | B5: 10 sec | C5: 3.9 sec | D5: Comfortably met today.
A6: Document 0.5 – 2 MB | B6: 30 sec | C6: 10.5 sec | D6: Met today.
A7: Document 2 – 8 MB | B7: 90 sec | C7: 9.4 sec | D7: Met today.
A8: Document 8 – 32 MB | B8: 300 sec | C8: 5.4 sec | D8: Suspiciously fast — verify before trusting.
A9: Document 32 MB + | B9: 600 sec | C9: 2.4 sec | D9: Faster than a small file. Not credible.
A10: Drawing — simple | B10: 30 sec | C10: not measured | D10: No timing recorded at all today.
A11: Drawing — medium | B11: 120 sec | C11: not measured | D11: No timing recorded at all today.
A12: Drawing — complex | B12: 600 sec | C12: not measured | D12: No timing recorded at all today.
A13: Queue wait, any job | B13: 60 sec | C13: up to 37 hrs | D13: Worst case is the programme step.
A14: Tokens, one full bid | B14: 90,000 | C14: not measured | D14: Sum of the step targets.
A15: Cost, one full bid | B15: $11.61 | C15: $0.56 (placeholder) | D15: 90,000 tokens at $0.129 / 1k.
... A19: Functional tests passing | B19: 100% of High | C19: not measured | D19: High priority must all pass.
